0.0019642004478697237;0.0035360703816143348;0.0043922848506631569;0.0040193433364562516;0.005287706001255674;0.0057975821498003968;0.0037857513614090359;0.005596522190244058;0.0019492337222762036;0.0031552569721295938;0.003910973028811552;0.0042241757083331596;0.0054135814399962189;0.012785618313594375;0.071194077169417752;0.1255756083955932;0.073648324070677743;0.12528683017120748;0.071236032920244149;0.012776374531910698;0.0054121769227260062;0.0042121436513645567;0.0039145093858167614;0.0031521863321964266;0.0019429816696641571;0.0055918709886467926;0.0037806141462413171;0.0057981319634951498;0.0052864415943486773;0.0040147352084258653;0.0043887584391388099;0.0035340695716756577
0.0032379528157697956;0.00076729048210904833;0.0031992154265332103;0.0033179999388646959;0.0013960038239056081;0.00098531806350621288;0.0060369514316585722;0.0023526245598214156;0.010892433732876712;0.012514279292999139;0.0076379546492453569;0.016091972283787993;0.014431111923248667;0.024259374809199336;0.065085167776287145;0.072830789541691601;0.092840973476705294;0.072515961747196211;0.065079652960140399;0.024282034754901483;0.014419601926238675;0.016063319272115587;0.007659393886399404;0.012525788435066307;0.010892215439966563;0.0023393184310595483;0.0060155133603331992;0.00097619326975751535;0.001392412369896794;0.0033084683504562905;0.0031955847215647437;0.00076520528725553612
0.0014568085317822946;0.0037553872027010987;0.0020251560633418376;0.0020019038722603726;0.0054527700841001574;0.0050533165693172708;0.012853736303338033;0.0068983229812899253;0.02312967065534809;0.013410422105561667;0.0064558111682278914;0.0060957647646544023;0.025411778759621716;0.0019068393715126423;0.011738115077613015;0.028604270046245151;0.031126772256072782;0.015455897251043781;0.034906339254024941;0.026098097322082025;0.020646874722782781;0.033677266912682628;0.021995678554622516;0.017752529773655299;0.015218963010264657;0.0024691989906979205;0.004061533058770158;0.0042652962800670555;0.0011546602210908521;0.0057648055808182108;0.0082904279063169706;0.0002449394034943877
0.0011019225397078825;0.00073913307662476686;0.0011662149981629057;0.0013853596615115173;0.0019311272366457515;0.00086810466896097957;0.00045033836110291585;0.0024651106254769289;0.0028956100779680203;0.002883987269934319;0.0060533802824317834;0.00098617923555706431;0.0046829983030356155;0.018489871549831029;0.015031988152123482;0.0072471027329671098;0.043703818838119378;0.051079872750015611;0.0047791675960774018;0.0032451014269014576;0.0096094194909824085;0.001021669552166064;0.00089088006882801624;0.00073982609722907848;0.0010452153755481849;0.0027337420565358909;0.00036633753721642461;0.0020639825735674086;0.0010408142502243976;0.00090568426785117508;0.00069273390502919846;0.0015189083684935436
0.00076583897402102467;0.0010419960344603548;0.0012053467945611586;0.00048127260831156397;0.0021710171646045539;0.0015345488184931335;0.0019867493504640054;0.0057185555913452065;0.0023818086321400573;0.0080605630613719698;0.0066592038048052266;0.0074931276147688127;0.013357474079349256;0.020055282122614922;0.0048611322009680649;0.055335051474483782;0.090104353413049385;0.054516610526089283;0.011483854807433819;0.0081142450378176301;0.016790172505006834;0.012871432750278668;0.007744160611868966;0.0024162194118323536;0.0049409863806900581;0.0031692036612486372;0.001714345668508678;0.00058002661536709385;0.00430227161754238;0.0041371593877670794;0.0014448778912830068;0.0017457792484422429
0.0010000807921446684;0.0010278577785764263;0.00079844147136390981;0.00062028583267242693;0.0015750672895316364;0.0025383877614983548;0.0067396517157625865;0.0015064775756758835;0.0097878352501220792;0.0017365123280395529;0.0013694464825485164;0.0013357797506321162;0.017695732752572569;0.0034684895952843153;0.035373986559233683;0.0049813543579894639;0.20015006305509828;0.0077584816996603438;0.024850371857157497;0.0021844328796748092;0.01401239436943234;0.0019231639000018854;0.0022161977618487894;0.00096588028705509369;0.0021064434157272559;0.0016918749233029056;0.0027324776836729955;0.00098288116659696746;0.0026938428613463212;0.0014996378322229796;0.00073343962852672254;0.00081714203640487269
0.00027622512348605488;0.00039579744487504764;0.00042925867301642532;0.00065677992096866528;0.00031327620923924689;0.0013078367979047815;0.00047413190491384078;0.0015886285597200677;0.0012385748057965752;0.0016399063482082747;0.003082457282125411;0.0019043718730454022;0.0077845315259002408;0.0016683045810909588;0.019485866092513127;0.0064800776525411764;0.09036954832902161;0.0095405269974282621;0.0059302138774568955;0.0037382139842464831;0.0022177549648085323;0.0011493182658714339;0.0018684688128669219;0.00084899535303424936;0.0010673641911497238;0.000326793698742602;0.00074928244635301107;0.00041002381944136738;0.00036135951889106483;0.0003831974990409172;0.00018137485264871613;0.00029992527491325507
0.00081757408056681261;0.00048024139639593313;0.0006537846336793511;0.00047894656474157632;0.00079666347977928387;0.0005405911821906947;0.0014256392292474819;0.00082452278699615342;0.0049426174973469178;0.0013453569699968264;0.0062028749152377022;0.001560193429146437;0.0040234521435387012;0.0017455816200060356;0.023032090230916756;0.0020729007231359599;0.07545466209763399;0.0024173829010545548;0.010594456732921451;0.0030980606280049789;0.012344299891515547;0.00095521692947032227;0.0025120437648932705;0.00086540847819662414;0.00059569789347127013;0.0010086506304154245;0.0020307394086369807;0.00056211563186513212;0.0011736582598190859;0.00054691461532075845;0.00080392771089807865;0.00036078598560901082
0.0011144247310233245;0.0017917020394902753;0.00038884893427901658;0.00099363540178478565;0.0027413102675153504;0.0037836694117104244;0.0045987377051542183;0.0065240858849574829;0.0048869394620803209;0.0087753818769277341;0.011286575477829068;0.012851489400365488;0.016879858673581306;0.025931669550386196;0.029548657334784456;0.074994001360451423;0.068228778354996952;0.013333464629556532;0.021276064989063148;0.011141985173330092;0.019227285262196695;0.0094832233536546531;0.010861546918421143;0.0088178797743632339;0.0047518782325733019;0.0015677001656526171;0.0021621415165194256;0.0032299806744910103;0.0029184877266126997;0.0014688881399447149;0.00049648459719217283;0.0011146041492177861
0.0015825115228873966;0.0013244040281144016;0.0031184709446989123;0.00065356233844404135;0.0052588148788925669;0.0027306122297515731;0.0012181111104551039;0.0040606635059963862;0.0041113341877855409;0.015601058366149619;0.0040436890004998506;0.010478488396240691;0.028748262475176596;0.004784971003083679;0.040934871396248365;0.035348019048366722;0.042326838413094661;0.035027234252028021;0.031832562870591573;0.023885869446554995;0.02108536318711272;0.0056603495472956874;0.0070680900043601667;0.0031948704078122248;0.009374274851041163;0.0014728982060262547;0.0033568244580146193;0.0028179337386224665;0.0020049466018810091;0.0043808743121517895;0.0015317927624873906;0.0016090607652940064
0.0009515539651659701;0.00069554097678163303;0.001723341135904931;0.00070579038813810909;0.0022033315407305309;0.0010132697328179398;0.0029970622231510276;0.0031620402373010964;0.0028376824245053087;0.0013979658401544284;0.0022451899501876632;0.0055116965660189339;0.010518362831178423;0.008746799154930698;0.02003676147555886;0.0039832544901849346;0.071034970410518108;0.013721196057399864;0.0092321170082031757;0.0044743108171848098;0.0037257310583537354;0.0072591665137345706;0.0029645247012246721;0.0023389843616499605;0.0022780525006666067;0.0012769829735798024;0.0012505251142287174;0.00092467599734952048;0.0014602997305068893;0.00084225194474989542;0.0011006268294922279;0.00058445364143286274
0.0013081404198406008;0.0020090697663268232;0.00070592978748780283;0.0018309130566717216;0.0021905718384343724;0.0031226152293614877;0.0011617063323050257;0.0082688309607707178;0.001657967354560659;0.0068136650068580298;0.0045344416988237265;0.0073904061013919404;0.017668830277083457;0.012726498639705446;0.024799161482574879;0.013419643380580923;0.072752623835531188;0.0033147610587512819;0.012436633337578806;0.0066916880267865776;0.016201470444556231;0.0062486110617748095;0.0041141842138286257;0.010878300092576997;0.0026890700267346193;0.0040584863154927266;0.00075271011610752558;0.0006464892549530336;0.0016348134895546689;0.0030107299428694507;0.0014377992458804686;0.0016760790949588958
0.0019274159465284;0.00092227597720387518;0.00052780415808876646;0.003281740357653305;0.0022231284927608638;0.0051661836193591451;0.0033501968564834273;0.0010161765341394425;0.0098642220626433512;0.011401099738028267;0.0065162040246537194;0.0054739203819005895;0.011170364596956056;0.012629588097115535;0.0097919789886524323;0.083632141241832117;0.076083171825755622;0.0054421014546633863;0.041273275378627503;0.0078252590245377375;0.018480972069628277;0.00098744496448630969;0.0060770971049745482;0.0071499528514891693;0.009069862659321682;0.0068864373174398691;0.0034864261180971839;0.003036931711138809;0.0035655340777844312;0.004620298355637713;0.00061235949947870138;0.00057647070134213654
0.00055701101288060343;0.00097651679348018225;0.00090424804081087439;0.0011513253954725392;0.0023219163253057284;0.00082762748786315335;0.0028816988420103835;0.0018115368199200187;0.0048029215130452208;0.0044495703009130418;0.0068882724210092231;0.0077385300719868405;0.0051711092575220984;0.012270444605561124;0.025725009900286356;0.017157765189670552;0.13394103544660746;0.016270154223992951;0.017786083181240041;0.012476536095964014;0.010626595542023895;0.0070934757959325682;0.0047958767351890755;0.0031450291675655579;0.0014753021555926281;0.00095896448230466103;0.00081201483170910882;0.00095129355372095318;0.0010012538703359159;0.00069749420270092993;0.00080966167152074313;0.00021237595205025688
0.00098680742302123363;0.00074531078978044385;0.0013982084115889257;0.0012028843430538154;0.0021184114289136413;0.0021950834854999168;0.0032719897075127111;0.0012103517379798668;0.0010457414098098629;0.0087108809021010872;0.0064132927137180266;0.013124638171045285;0.014709116354839617;0.020211871990738095;0.020947529368442269;0.013047051418604913;0.056860331727089056;0.062098596370474553;0.025579160992070055;0.0093207727221948696;0.0060115700288821978;0.0068273371602419058;0.009134912012361017;0.0035426173446957655;0.0058778882191366675;0.0016275940400699012;0.0015991012215263215;0.0031467281437791992;0.0013629392065949882;0.00094689021005721602;0.00078980900731224601;0.0026806137111010948
0.00085699448038191776;0.00068404882852629958;0.0014478944588796527;0.002028774064532494;0.0017110965383567223;0.00096738609012229654;0.0021340655948886146;0.0033017838178903635;0.0020932914658336279;0.0027864798577151564;0.005651442760772802;0.0019765143343725856;0.016228691609962289;0.0055166827126165684;0.023608023927691998;0.0098577154836216787;0.12071518608765239;0.0039574825209248146;0.0088571938219040233;0.0050722771806680994;0.0098830658576258227;0.00246249160722368;0.0046282650790903648;0.0010867847721171239;0.002158246703555692;0.0034934229857533456;0.0014875707631654643;0.00064070094628617519;0.0017444033332740445;0.0020514500806438915;0.00053585273354440747;0.00064257027755738102
0.0013952392761959892;0.0018545003607991423;0.0035052792590803293;0.0010502571139104689;0.0014184738196868171;0.0013544652279814924;0.0032658695502509739;0.0048688965949786082;0.0065978267391956554;0.0062662942685477487;0.0097321475886396405;0.0097170713770167415;0.015467249123463731;0.0088996667109460543;0.012016957057787353;0.009691492392511273;0.044912834653063442;0.036927157917566365;0.011508377644584082;0.017190926048449857;0.0064465312053087042;0.010695725030173782;0.010369219801833435;0.0025492353638915033;0.001355327028675118;0.0058768755129131496;0.00042151058206998162;0.0026344353655605385;0.0031472122113489153;0.00073763501200393565;0.0018764369294635517;0.0022763740609471192
0.0012742981682547468;0.0011978001570699796;0.00061092834847476982;0.0026310187647159123;0.002196472253963164;0.0025760913853598425;0.0032192233993291156;0.0015383912708388453;0.0005804513185327779;0.005611130218484966;0.0059792170808998383;0.0050945921615679216;0.0092585849814258506;0.012760727711953131;0.034353898412730573;0.010117712991089265;0.11240321799166939;0.026409121744257393;0.0055018724945819827;0.005340991399607164;0.0067493125611212366;0.0033211111473749602;0.0042117815032289181;0.0038513072240780239;0.0036696948155678123;0.0013382839907849704;0.0019180774368552428;0.0010449416891449841;0.00076424993413943577;0.0029590279790234872;0.0007275442278842694;0.0013410376717815538
0.0006874579322177297;0.00017531224915921185;0.0012464383337810205;0.0010522830560582227;0.0014334991753935317;0.0013562055268975244;0.0013867419545490814;0.00033923964881452795;0.0029742836062764139;0.0027881634295420558;0.0056489552437157886;0.0055265972280218525;0.0067455296457516268;0.0025392884359194336;0.035584808913830542;0.039910280773180366;0.13049870623003079;0.033895077329542132;0.039622718333311782;0.0039156756545723134;0.012097728141604621;0.0060264933940620399;0.0031319039331758028;0.0009590250461083711;0.0022450710851794958;0.00060411315196948201;0.0025635330565489745;0.00046102910329658977;0.001271062645200025;0.00060984760164248513;0.00086965788357098236;0.00017605149333293176
0.00087672592580330161;0.00051773672751443474;0.0010945180942062431;0.001101715104509064;0.00097442812308699204;0.0012852473578118914;0.003249516804647341;0.0039793855273231524;0.0097734756802115696;0.01368828847030485;0.0042350442078866735;0.0027996468677576646;0.0031793044702207928;0.016661878500100317;0.0083919363340781688;0.042173063584500563;0.066494146305783403;0.0061693243376375112;0.016850103299142865;0.01067749268407784;0.0064770767451235193;0.0052671821793198199;0.0091048657761444041;0.0024884139001421983;0.002256002357755848;0.0023765310823598844;0.0061581315574179615;0.0022633527791673796;0.00065386366278424673;0.00038085506222341065;0.00034220966710371092;0.00049883131551390486
0.00053730647462619456;0.00046454667181160329;0.00078081412623425168;0.0011605460527844551;0.0011704430626241651;0.0013128352202796604;0.0045664967828738549;0.0031516500349841846;0.0043340835633481883;0.0043269356752608677;0.0055930495476901477;0.0095999168398890142;0.013349763420877637;0.025141058081894263;0.018453057111334048;0.012441536801824048;0.044286388932351151;0.035071272992669031;0.0090733500665076596;0.011906533321023057;0.003470212364990761;0.0043402846329312081;0.0036064934811384283;0.0060477806946128291;0.0028866327359930262;0.0013928594378090735;0.001329350283041161;0.0014794633150501347;0.0012600157231816376;0.00088934551555104493;0.0019207828262594203;0.0017689794910460506
0.0019990045996408855;0.0018184529840783528;0.0031914608502219268;0.0032302705981195196;0.0046484881964918888;0.0013224962539186583;0.014565081317079391;0.0084137574921949055;0.0017137078232417847;0.020097705679072261;0.0056468562266858971;0.0058294530676873801;0.0065390883770756886;0.021693933042264496;0.023276444433035746;0.012949396936321841;0.0536530896585058;0.080573018774725738;0.0283181227659264;0.014863072041406302;0.0091470247271365681;0.023772164105354557;0.011517051535923592;0.0098141916216974139;0.01632484549231512;0.0057265802455613623;0.0038251420350259567;0.0023667872452528983;0.0082858283424037706;0.0016590405907422939;0.0018179632830623675;0.0012218110957340658
0.0002183501931104682;0.0059366899583742474;0.0013437986027533427;0.00057273122492650715;0.0001508985128288023;0.00023962297591068179;0.0014458912313793438;0.0011793563875411735;0.00037132867383709249;0.0020956865200190745;0.003154405556563651;0.046435795088855134;0.0020366250481009054;0.0028833128893727598;0.0033529520700599624;0.0025451272951786635;0.0024172125207005679;0.0017553422482728524;0.0030448804347296306;0.053929433747467725;0.0022970521309235155;0.0019903477088172626;0.00050711623347590696;0.0016793987955956921;0.00071723177071272035;0.00047038604056413315;0.00036655456567558819;0.00098971966401001821;0.0010991857663214658;0.0079960651292784145;0.00050621101415020435;0.0015175902702378498
0.001686730236670966;0.00072406039771940472;0.0011280836823640286;0.00070763429147664453;0.00095158542444988661;0.00081702697875532125;0.0016234174373884001;0.0018665941676993638;0.0033011333635035761;0.0037073209952954828;0.036437104289195173;0.0050040356472895323;0.0022165121771634652;0.0031862070498982907;0.0033510077217638588;0.0060615305713426389;0.0064384889430846234;0.0036820326082155435;0.0054253289521052281;0.0023599844811374041;0.041316872183663061;0.003818764894323774;0.002584839070524955;0.0016217493369015128;0.0027080878018302954;0.001419526924078633;0.0012576330304003504;0.00062053808649816379;0.0011645055828207595;0.00069429191108371757;0.0014846275562535283;0.00076020572394248215
0.0031147007022670477;0.00027297663228337195;0.00057542991100210624;0.00024754269089475624;0.0043687650457748042;0.000341732579707933;0.0008157242719261643;0.00091080347055578169;0.026792789214323445;0.0011164200426393971;0.00085766854170611119;0.00025630112123916721;0.0047282849667366466;0.00075620713817751864;0.0010984446938475021;0.0016241941719355275;0.0011563223837831905;0.00081621730338112637;0.010884791714120113;0.00088820276056234904;0.00073040810304546625;0.0010357646385224005;0.029592143343671173;0.00068449562977487095;0.00031891537114232598;0.00017833936020588366;0.0045564591424397602;0.00035850194531362426;0.00013245553810360713;0.00020425219264963169;0.0027865440033041683;9.9883561305359891e-05
0.0017028654206304823;0.0011459009195014503;0.0004142258246113125;0.0020967830634550538;0.0074023926826629052;0.0011719117293684433;0.00487899104260597;0.0044865076498302459;0.0046797815391581045;0.0027473108293256635;0.011652663447208413;0.013291396184848021;0.022177933840905027;0.092056159653768954;0.067645112956925824;0.036108279556319539;0.045935159749156018;0.0077346093349340258;0.028562376040857398;0.047925141184973229;0.017801721732892139;0.02836151213713416;0.013574487235405578;0.014182246649081061;0.0047388846376180491;0.0043539804161354355;0.0032036438448608748;0.0032010991180383723;0.0043532842851013226;0.0037440509759745183;0.0019121151726930038;0.0035523511193565811
0.0005811869791693099;0.00097399382807229827;0.00041424570838976329;0.00070836065344498356;0.0023969639741533658;0.00095825096038355644;0.00056026990847761276;0.0018018144305691807;0.0011388894188091054;0.0026906559957336944;0.0095512310817315003;0.0044137636669072692;0.005662493563301509;0.019802641408538959;0.0028487915498342478;0.017752620654142376;0.039264940651396144;0.082769378791830509;0.0041190274064249032;0.004773256882644984;0.014391158008750533;0.0050232621261913375;0.0014299883535072472;0.0018477964407806497;0.00098576240641491588;0.0021251813335624262;0.0046233149928268024;0.00079239693538817393;0.00087005550881764579;0.0010573871160342208;0.0013815543790354579;0.00078147687339938236
0.0051344392179336123;0.0023600679866372554;0.00043444342438979275;0.00051279933133278226;0.00095041230232907506;0.00050089006846095905;0.00081972528566571774;0.00068807083666961341;0.0033570847295898631;0.0012909158079341951;0.0023160038473873973;0.0048654736929345912;0.061192204595746515;0.0081372819310981427;0.0041052145842956529;0.0039666532171579501;0.0037942374461068457;0.0070841021374609551;0.08058898540677055;0.0030409262009450165;0.000944658161894312;0.0050217628643767663;0.027683673362095033;0.0033257375932470145;0.0018567286110247982;0.0013687822026063603;0.0064968906988686565;0.0013461372726948566;0.00047832645128352433;0.0027612461788711633;0.0077320235530774434;0.0018894704485768316
0.0017747607333925867;0.0029979542004906876;0.0006038499283436069;0.0066420772055957233;0.0068748642199289133;0.0024943997506455384;0.022001040717337227;0.0093255016304930379;0.015789752577957377;0.0032417551012659191;0.0021819045603630946;0.029817298968854943;0.017177382952169602;0.057548063658353819;0.019046315576448279;0.064322950644907936;0.031129163190197665;0.014469037018405059;0.011283058712291587;0.010013106243788376;0.016183910384936964;0.013442359952327817;0.012538484199129533;0.007927707199031183;0.0099519893820061017;0.00089023828063084008;0.016636402953962612;0.0042797740565399915;0.011403160952605674;0.00037838021119430905;0.0035252791944601048;0.0010397735468967717
0.0033586320141478928;0.00042610977358178309;0.0025458377137601222;0.00053207248933460796;0.0033820570758951018;0.00060178407797061885;0.064407872160407498;0.00058149272430380462;0.0032037753436020004;0.0010244972127231376;0.0021288706400337926;0.00092189220193175984;0.0010801775640338455;0.00070252394179214138;0.0010104425218385637;0.00096266858270839658;0.0027444242659491673;0.00059012982681311331;0.0021442030719764473;0.0005835160208899488;0.0035425393084874282;0.00083899996585820049;0.0039114594757730138;0.00061023968702912797;0.070228844081104261;0.00064229108600505726;0.0031089328140925447;0.00050138800451722965;0.003699124766626483;0.00032536635610430403;0.0027636518509825576;0.00022453996724265432
0.00055819334869434262;0.0016901001915150717;0.00042713209854620282;0.0014680508768078946;0.001079494773665474;0.00060175125502783379;0.0008894224622813154;0.0041628337961898913;0.0030212137294759883;0.0012943812887606496;0.0059418324228801816;0.0059910092870150604;0.0053644315341282826;0.047353686856167386;0.0040161406589663473;0.017750618996294511;0.031692720613882709;0.10638516941970766;0.008130728802953251;0.0096473401331275167;0.0023869810912537509;0.011642033376742833;0.0023734076751730365;0.0043935433588472052;0.0022914973655793537;0.002112153987319221;0.0012674840623621059;0.0022891849612356159;0.0013257087821466433;0.00041014766999695616;0.0004886234231367974;0.00038684469150696921
0.00023192223661244789;0.00037492299464099074;0.00043622355267936296;0.00036790198690505335;0.00015348836894258071;0.00035131439723394976;0.0013752502302312004;0.00042266917603311357;0.00065635366049014341;0.0010058351113285085;0.00072974097007320405;0.0014087757198882501;0.0049480503144537936;0.0062255137157324171;0.0084960565140251645;0.010389120159195566;0.015198071106499726;0.0083580873119369192;0.0043768247838309017;0.0014752807236665393;0.0012193006445996365;0.0013181282883259361;0.00098325075648596997;0.00041813294386482987;0.0027718387407956162;0.00088485862064796583;0.00080956413933796134;0.0012895188106257537;0.00093293180319468623;0.0016447005043393828;0.004064378692070208;0.0017836516542046594
0.0013866840022116452;0.00072409951440750994;0.0037209738545062329;0.0023265364591729446;0.0015985992238790082;0.0062615161426546467;0.0049913892299851105;0.0056606792756445758;0.0060830647265228818;0.013374546913412841;0.017432661659347239;0.0080525542099945165;0.01085151951476985;0.009779739400828498;0.010883522855334291;0.057063983336984148;0.043734075250511144;0.0058760924552090999;0.043555516164136734;0.016616963787757073;0.00673960312172387;0.01845876052895648;0.016629581371904904;0.01108444407892732;0.0052038342297399572;0.0030903689845522995;0.0024952300166553574;0.0016920740833169016;0.0020068354989993585;0.0019363632706721539;0.0014585635216525148;0.0011375758582884566
0.0018413298884388184;0.0012816661418722382;0.0042313314699941422;0.0020981982249748182;0.0015629136335015795;0.0060584673039837927;0.0046445323842349865;0.0075566702637649991;0.0074231124517720945;0.0088755525322268009;0.025714108702667302;0.0090442263370831884;0.0082089698043502253;0.012681672549368988;0.034647797151162049;0.059340179673226988;0.071937658390547207;0.040771630278800632;0.021862039037185792;0.022477407660349745;0.019889884891850285;0.020767861016875822;0.0089959375572251123;0.011185404083417888;0.0031146101564370459;0.00053345361726323112;0.0040788619263104715;0.0035680943577386048;0.0050437934813677933;0.0074551106507020556;0.002802293928197606;0.0025939061603457115
0.0001989377442661612;0.001193422431122157;0.00062205262397445067;0.00049305034136610615;0.0019326439525854963;0.0018094281768760558;0.0004938451155768;0.00099758173575915563;0.0023334221939013441;0.002232823217576159;0.0053669073647064237;0.0094325951379509668;0.012034719375766521;0.0082294850680267439;0.033298966446540901;0.0093392242796097678;0.087545390452406641;0.019546831912719873;0.0095501991344655625;0.0038145233197579512;0.0057009772489432214;0.0049378411381117383;0.0060371465839553591;0.0029720706458727058;0.0016247306476517389;0.0010788545529724994;0.002310871413388291;0.00046521184763965989;0.00099422475302354406;0.00071946161835588073;0.000672626373703619;0.00085918768552126548
0.00095036417293196561;0.00074829588468106859;0.001339799225214947;0.0015892849548787178;0.0014169529339223713;0.0020499276003310956;0.0012364650553650775;0.0015177362615849135;0.0066306737858873492;0.0012183248840832469;0.012121564252140908;0.0055128221949267159;0.012332955598449446;0.006842996957471259;0.03233444136907633;0.011267481899834883;0.15856307738152631;0.0055570852778902289;0.014911043480883046;0.0050151685758527296;0.0050620076805470929;0.0033115253572642573;0.0024834752117704486;0.002316898672985645;0.0043520457186032764;0.0022918685248812516;0.00085655560449461956;0.0015629851029700483;0.0012295188553665321;0.0010164684167179635;0.0016501299265020547;0.00077686651363237814
0.00024369666717717587;0.00075737438022099326;0.00039526338744185288;0.00032138297765759132;0.0010769670676682864;0.0016992703503550331;0.0016191605693593794;0.0034837756273480443;0.0010298011842980559;0.002318204386961569;0.0049967423922903445;0.00518455041444758;0.020415969009774271;0.010709844949667173;0.014527482592548737;0.03128521977365778;0.095586759055199491;0.0144335083491602;0.025262278002484928;0.0082549153698103419;0.0079641144622658432;0.010677934907642028;0.0041048750505295944;0.0038420478848522096;0.0014667823856761126;0.0014335187252595414;0.0012695755337865213;0.00086435914378770167;0.00093087398057360271;0.0011489521349362507;0.00036141684097556857;0.00075624245597329478
0.0061627022634449672;0.0031421513542297039;0.0051417462071991892;0.01044062687039069;0.0067535312612928026;0.017575673789744038;0.015345022158033754;0.011572541654016669;0.019075166075085522;0.020690614289253714;0.01795919873793702;0.016089413340077567;0.0067526824473165808;0.021312495103626004;0.011884903368316577;0.027354851824587068;0.031753064698702455;0.025758165829828521;0.0014552271701534308;0.01657179127149077;0.0049207353891549538;0.010706319417291827;0.0050137297348195695;0.019464370332684375;0.038064749564911224;0.0058619128885590063;0.0095597765324837141;0.0038195323740906058;0.0088333825818653171;0.012725779354771229;0.0095725956709744649;0.0020275585725092042
0.0011838967944830107;0.0017929493470206649;0.003951437823898874;0.0019965746967921263;0.0020445611919393336;0.0014557050262308674;0.0048335832709650453;0.0041012583976114351;0.0037309661777206581;0.017318475670995748;0.01557404084270613;0.011056569949564181;0.022589861721237916;0.0083365856907067961;0.0034200295288955413;0.057297950437865459;0.081279018066960834;0.061402017941694587;0.018483238059147866;0.0028189446854769212;0.0044850660444362882;0.0051447854313348808;0.0146610939596762;0.013137112578364951;0.0052169052826789592;0.0016266783598367753;0.0013110963307584537;0.0014715573587275857;0.00073523778206585806;0.0020708574978412389;0.0013050392581078661;0.0018318608779496108
0.0021469010426122827;0.0028556596356931812;0.002169828216005699;0.0017777468079114974;0.0017710535202881091;0.001581229587006652;0.0016600226384113795;0.0030194302600311147;0.001370144946916584;0.0035818182359435243;0.0037912307871109832;0.0016428155972388089;0.0037170058039959824;0.02658907887622447;0.0092440415542374022;0.04712321266214519;0.005410634046365566;0.051520440481163408;0.0041993849077586057;0.012268445898488837;0.0041055358966726662;0.0049567999693397825;0.0015470632187145621;0.0069820724977205859;0.0064554111787935532;0.0042272262848828792;0.002229356513042167;0.0011219163029777385;0.00065841383223206489;0.00058845526603760957;0.00089281936285703423;0.00032387625525592107
0.0018941934405683244;0.0012046294050374539;0.00177432818821525;0.0014502247104887886;0.0034919753411447778;0.00039379987497914617;0.0052323884698523239;0.0045601781470398358;0.0021687802104999989;0.0055737953115135132;0.0074830754905739517;0.013503739030665396;0.023752008138441003;0.014898874675589409;0.014421566513901852;0.085367414291629556;0.029974686007091515;0.027050165952642473;0.028209721012294391;0.01919282683237649;0.012637048078160813;0.0056908363212994206;0.0046166460653409864;0.0098698892773847087;0.0048145685123008502;0.0021515072813947612;0.00049367276827334329;0.0012156038347952052;0.0029475297616574293;0.0024666412601572511;0.0028491959601145023;0.0021076968272974585
0.0010748692260903075;0.00072995285617788062;0.00066657525347791149;0.00092449454334807149;0.0016454370888160559;0.0018931373273293345;0.0014677960531580846;0.0027774671289605688;0.0029698257676083429;0.008159849916592278;0.017347783433701365;0.012288544516970965;0.013178510499460453;0.011114503713764295;0.063122771531187255;0.032077189518754282;0.091455051090638978;0.010805777491943419;0.09304904618195714;0.014746460929370342;0.0037582332666841827;0.0092689643944385801;0.0049139316881754835;0.0068040229777134994;0.0022345208387812214;0.0036902169529399085;0.0015392127046105525;0.00054096013095425194;0.0020850884484050172;0.0025002382901902235;0.0015403560191818392;0.0016596023192741094
0.00066026293380977929;0.00061878597757164164;0.00043706328449320841;0.00089042490113160836;0.00040792640890558867;0.0021258510033011109;0.0015373946181860727;0.0015486116730397807;0.0033332916368479103;0.0068453762726414652;0.005631752622191886;0.0045431851150183446;0.010099680230475307;0.0064054951105032001;0.045152734217521355;0.029199308765002593;0.1540070584361535;0.035100423838237742;0.0065353445394681188;0.0076666167168284614;0.007113419278801149;0.0040582528172918748;0.0035796821389213018;0.0023125064890592195;0.0033566556175768057;0.00063113452268435976;0.0012195961177796642;0.0010021704295580917;0.0014250025613931573;0.0012337113616743343;0.00045687363940641052;0.0005736561547018302
0.00069458120514062074;0.00069791095714185182;0.00036397791091458104;0.0012846846056122176;0.0023600393804171084;0.0014603366884934426;0.0011801591532953214;0.0015935565331551252;0.002790790525136829;0.003981807487552223;0.0042430591422228416;0.012544026636308374;0.0041312875808876626;0.0056969016083379502;0.039764233416882108;0.0024938422760469531;0.098791464329275769;0.056458005535043196;0.014147992576748772;0.0062408103193501265;0.0096977033568705281;0.0023467488257198337;0.0049788990333255899;0.0051170736517817473;0.0017741286156042341;0.0019330145859227229;0.0013940170297915928;0.00099252905268185521;0.00029152888818685549;0.00079849122769738322;0.00056926700705828813;0.00057324172377733727
0.00084704371506078512;0.0015581749141784079;0.0015958269364254416;0.00081422334657657916;0.00055239981027233216;0.00086305341907385897;0.0018262115343247356;0.0051090573083914115;0.00040184641991988074;0.0068270603023380758;0.0019900008760431473;0.0015414105139683657;0.023728853938589443;0.010758029312027451;0.033102267937694052;0.017241365053803307;0.031350648890917314;0.018651950659892433;0.031630165150814397;0.020415517623134288;0.0050732409565482309;0.004700522378669806;0.0022614650713133587;0.003744968216770287;0.0037005651138448921;0.0011793997188677893;0.0025130264847494561;0.00094282860901226731;0.00055827240123877784;0.00067200479918509085;0.00043507476064069786;0.0010304152265365673
0.00059263459335671216;0.00043018008978697701;0.00082520519725566089;0.0010184884610162622;0.0016482604850149036;0.001283749010483696;0.00078595749941105407;0.0018124537247761845;0.0016092264449393454;0.0041856464431128957;0.0035504146540022196;0.0098035240197289781;0.008374570256474527;0.011931257012886415;0.037794171148574807;0.025256006144701224;0.10868776401250525;0.03088801921790239;0.015382216169964531;0.018217153837320629;0.0077165899622060798;0.0055902142592422887;0.0058276172488085677;0.0016786814098296843;0.0016794646622482392;0.0020049957652373989;0.0010434604321560156;0.00078523404276495141;0.00099956599945052842;0.00085119217154617469;0.0008776565028826164;0.00049080812383198191
0.00086018196269757748;0.00084009081292738105;0.00092612012897336205;0.0015892789763224226;0.00056526774997804087;0.0013797672379843619;0.0016820659205616527;0.0014288862679657452;0.0030166667897374841;0.004316569445690914;0.00584305283816541;0.0063326434714940137;0.0079685190328126765;0.023094498581780174;0.047115459666539072;0.098250335317911899;0.064533829878012719;0.041575860093487536;0.0082221611255833167;0.019213546467842488;0.0041494226562611173;0.0073367377417609802;0.0023496676558966817;0.0046538285280929344;0.0018606781946952818;0.0039399238159926655;0.0015273703458297623;0.0019375547044517402;0.00088960983631112601;0.0011731356026385669;0.00064919028411922946;0.00080065674749232939
0.0017554530745540298;0.00067774253228596471;0.0028225606801825288;0.001466851672181742;0.0078886576301090139;0.0055813191615828777;0.0062004165316242258;0.0048350868549347174;0.0039976728716279858;0.010426537031423735;0.0076204672207120933;0.020944101280774965;0.0079152690640119146;0.014900554533935916;0.012107475814796046;0.049449490667042781;0.088037607272645271;0.025394044699773629;0.025265048252369259;0.029053160270132682;0.016179632547175887;0.020823011936239713;0.011152764360945198;0.012331920112366331;0.0029708348549920527;0.005204161320209448;0.0035851670591173081;0.0017209811458750916;0.0029803828892350074;0.0039457147435817972;0.0027996768302385676;0.002255537782843705
0.00034790428798960895;0.0011903758374954439;0.00060094509023125799;0.0017908309609766507;0.0011852232694295674;0.0014456853772040735;0.003691565523727651;0.0014668764388054878;0.0029249529548959585;0.0031316872782985576;0.0093817468302654205;0.0067087360033652593;0.0078015985595573361;0.0174720034621367;0.0086539173615828458;0.1399114763686953;0.077496950628447955;0.090706969614206975;0.047244726233053459;0.012674249053324512;0.0018729370765755539;0.0011974435217651552;0.0046722288117670378;0.0018942034724180937;0.00038410523947938335;0.0017618327428117484;0.00050466209727757804;0.00076755361485138977;0.00028780179964497601;0.00050940077422500737;0.00042167929776775278;0.00069776222317111971
0.002584795642401049;0.0020498062935316429;0.0020305257347649343;0.0017478124184077668;0.0018258881521993888;0.0010329666720231927;0.0023531461041709852;0.0018654824939105658;0.0025068898774414992;0.0036282491837681583;0.0084124351535110903;0.0083517591728446035;0.0060390548380108251;0.013073907886876472;0.0085245199853374309;0.021782642991531671;0.034517193245824786;0.0100962535058952;0.014071028683089494;0.01339092383940067;0.0074889713805588237;0.0063900854896279651;0.0045749081093571804;0.0090227202177405128;0.0039941283502899841;0.0027278706238857186;0.0020707427443590444;0.00060122624958825019;0.00090325971650119942;0.0014612609801016605;0.00044238787026032082;0.001097117785542355
0.00019571295423541083;0.00052040099158389851;0.0030319433017991742;0.00084617613640089993;0.0015274084233483478;0.0018118232585028879;0.0040854031770568644;0.0029526972686562923;0.0044117920505187041;0.0080109585907951735;0.0060426372521249485;0.0040758369009954382;0.0013856544346458769;0.015672211247232282;0.046764179620604043;0.027328771196995474;0.1204686359325534;0.047699373778168984;0.0084270822948569156;0.0014450058243200034;0.0090183347034310558;0.0092160864642045048;0.00080766855828709927;0.0029867698848568946;0.0013605493752072437;0.0014654825590624371;0.00047246128325766291;0.0028218451046201861;0.00024273582891906089;0.0013567287446756583;0.00026009070149951894;0.0016391444119981885
0.00189180632237788;0.0019773050716970489;0.0024131150321724335;0.0052847061043053102;0.0028889813659657517;0.0026838467829893016;0.0085872815375626615;0.0053809476829241257;0.0049955301569323176;0.013231698322597385;0.0091575554072771508;0.016287293264337848;0.014032802945351251;0.024164533408536339;0.032398548038082495;0.039105713746947143;0.074056111714018366;0.036858209443066656;0.034308185504735987;0.028170532798835177;0.017479955230216171;0.015744825306440242;0.0088706222496779709;0.0040515255836684446;0.0022442799928083772;0.003379789180138901;0.0055490745250012458;0.0036475615848807004;0.0028340262346633546;0.0037454938363514303;0.0022672851530840818;0.0011121013765899369
0.0012290253907406598;0.0003543390916882378;0.0013179517839309036;0.00070906872854542753;0.0026349816226883399;0.0019480937156546307;0.0031739207726769786;0.0016832291281056494;0.0020844435742397556;0.0049670541322608067;0.01001494327698948;0.0096716655414349952;0.014287177559320722;0.0011495942932248679;0.033813709325426121;0.0092732010096194268;0.14689978824507052;0.012336740519035107;0.015783278887677655;0.0032108520052366004;0.0075756764238865456;0.0037839155669352081;0.0053349204094319145;0.001732283051215801;0.0016603577562646567;0.00070454223063170205;0.0021525212588153235;0.002184954960868415;0.00043358420951622705;0.0018029489046316547;0.00079148215582828282;0.0007609484370993874
0.0036954139120491149;0.0019939330052531437;0.0015443421384256886;0.00079106204818492939;0.0060055660718820597;0.0011663177757437811;0.0025201075948420989;0.0026207512591161454;0.0029996710561572652;0.010830837599560841;0.0083711023002899267;0.016603166450659842;0.0055007045423351615;0.015662911820879144;0.02904121097277311;0.038259588861022813;0.04017277326169847;0.0075302568718093521;0.021937270147021067;0.010695231954243527;0.0098563144682614814;0.01615300111212481;0.0051708522725361587;0.0078612370083831207;0.0076871442335100558;0.0062916135833016073;0.0038875294320501429;0.0021954838240748741;0.0039089798228825025;0.0030847841850543609;0.0011360242076011871;0.0016539292021045709
0.0044280607059832226;0.0045673266193717579;0.0036776914073206736;0.0040662034152905389;0.00069184869271520595;0.0048079694691084505;0.0026157432629678257;0.010570215158995215;0.016063325599300775;0.018683607546581247;0.026785255861295112;0.0043659241941794462;0.0086157001300951729;0.019907453021429076;0.057919306341644945;0.091634503410010018;0.0086060551484320093;0.019271047564922331;0.02461439164051428;0.015785024815945133;0.0044258325341843862;0.0019048490514327859;0.021596759075619525;0.023114477320564597;0.0071058974081061954;0.0051048384759755918;0.0022967243460312848;0.0046310709364670681;0.0012360542324726966;0.0060164173136581988;0.0023832970532869247;0.0024948166603541017
0.00040321059413608954;0.00052077675973483616;0.0011939201790794308;0.00046471333202981321;0.0010612560792092971;0.0016938360677956938;0.0017562433465175933;0.00077225489803491205;0.0042415830643850712;0.0011062421771549928;0.0041638083159490462;0.0017178634638255078;0.011273119694936917;0.0054878835602674998;0.033663183175885375;0.0042376655798522667;0.15497995825712985;0.0052584511241478447;0.010193680896926998;0.0063433608327161115;0.0042518238958135874;0.0023022512238226236;0.0032982306787570181;0.0015933007295012771;0.0004600209196792414;0.0010597959578162047;0.001095085896211902;0.0012428184076991088;0.00081870380274000928;0.00070724529410717591;0.00027103866369794814;0.00022946198601244561
0.0010034467451959181;0.0013253995022992219;0.0010366120985355117;0.00098791210869985063;0.0013323713909199524;0.0030162112476048125;0.0016532596436775707;0.0016130312329701454;0.0018880810213303557;0.0024275884236684272;0.0042017480132144703;0.0061259555694052155;0.016762715965541946;0.0037497155781947749;0.034014730190780974;0.022255261799506702;0.13872653068143573;0.019964833554558019;0.014048981092294192;0.0032967309246044411;0.0037811402477961301;0.0056810920268394937;0.003953469425873035;0.0024592395821605877;0.0020387848864584844;0.00084751369892037344;0.00049035817935274249;0.0035366233483037747;0.00070853242860720409;0.00079807792515611102;0.0013648638136850963;0.00080809022489941801
0.00092420040043875217;0.0007129469381051412;0.00069205098990594599;0.00024605217893196736;0.00078965157508067128;0.0013591993709118671;0.0017711631064530253;0.001828534046098769;0.0015699539275415737;0.0024766738391517667;0.0069166058575104907;0.017238086470942309;0.017522184278708889;0.016766172599394887;0.0037021717866383762;0.04032699773947207;0.06118841092160749;0.033756500305590145;0.019627004768397616;0.0043274199045456423;0.00422423774663377;0.0046212839637870132;0.004617674449605807;0.0037602875332247445;0.0017461862141217386;0.0015133484394083139;0.0030674767679065885;0.0026052145318836966;0.0016338792177526536;0.0013580658061996872;0.00099139915513547761;0.00080479093445563873
0.0015831325793436311;0.0021774845350204823;0.0017774894034880478;0.0022004067475132933;0.000913626714658432;0.0078914242094607553;0.0078425336925922098;0.0090935567787613514;0.01454781206759927;0.00075637847347903879;0.011081098223375916;0.0089157668522582088;0.012688815754242449;0.0052197445429068247;0.029225970656888256;0.05532807141187384;0.037571381346826867;0.027975203103288774;0.010937147153471856;0.016554761788750146;0.012130200109421403;0.020721870063698918;0.0086684549693664004;0.0089574996421677659;0.0083219940931931746;0.006742699123663866;0.004170663610605055;0.0037998111470813343;0.0019130081527843621;0.0022932448986902818;0.0037492181102112701;0.0030761210794252301
0.002456963243250781;0.0022722471154949064;0.0019076173453609281;0.0025121414713306276;0.0011771571996427802;0.0034075603625045472;0.0034342527229041793;0.005449747478066912;0.0055017902867000095;0.0045690295590270101;0.0050036734401556742;0.010812209633994247;0.0058871136717250543;0.015496633783234147;0.022188281733650846;0.14706500643933276;0.072577338756696613;0.025705404360262616;0.046031331344789934;0.022798246548006308;0.0096885039750973078;0.0099284282561708254;0.0067972025286791365;0.0091435488790572849;0.0034263733163113152;0.0026824016777340755;0.0013699868371142884;0.0041814652520623689;0.0037549562598810588;0.0032296454350721742;0.00093995896957296278;0.0023381691211940094
0.00075355643959533058;0.00027694676269524244;0.0015236576410951454;0.0005061038848816952;0.001479836316277358;0.0010520331802650184;0.0033078885849279738;0.0022487172456145048;0.0039873954537719787;0.0029545264612867656;0.0056086583596946351;0.0096215560414278038;0.0074550953582123141;0.017396455859357205;0.023940033013103615;0.1377071180797142;0.064391786387964084;0.10171791388757129;0.039174926800980531;0.016602717576139431;0.0068196622494977339;0.0070241433463168962;0.004288084732185826;0.0031323612885899845;0.0024120614323310989;0.0010028776697258589;0.0018033015730778551;0.00074572480978664694;0.00097485528986490525;0.00067905371373305973;0.00050990532590842335;0.00056880597058910651
0.00049365627043683295;0.00097669577515457537;0.0016269212682439424;0.00074935202935789795;0.0010218821139831541;0.0012641853679674461;0.00089977449585862542;0.0018807337493012535;0.0014413330033038708;0.0024294532853663771;0.0040642556789595328;0.0044777797639993979;0.004844540500688028;0.0058290285853202376;0.049894749596769879;0.017287112534787916;0.11124068889107103;0.021749359013793306;0.0042798966542125436;0.0079221359032005303;0.0021264842942012407;0.0047764744648220977;0.0029850982134368171;0.0032312892946874026;0.0013403826939174714;0.0027351554651342436;0.0018586932506105857;0.0017249519221398354;0.0015448550805280009;0.0011020503703200281;0.0011562496305699418;0.00097000121225410845
0.00099079860084803646;0.00056608629794022483;0.00018555934428078676;0.0017239347451973499;0.0014749002131666899;0.00060560571477612343;0.0012522126429038161;0.0032675446316471112;0.0028556857472936438;0.002048106443636781;0.0033944767746707629;0.0094874219602432506;0.0038790053823823068;0.0054545879964371328;0.047978670843799094;0.018047218514449563;0.15724824545165966;0.057807147310341526;0.0070802759740616417;0.0022842786138006178;0.0055644036335917692;0.0024910785068536227;0.0046281093666368511;0.0012258105463402022;0.0013096960500854941;0.0013199148947012542;0.0021616110390140861;0.00054334914288152512;0.00078882927236561152;0.00072279011751244125;0.0010070064896410679;0.00056391480941554652
0.0043121546512307407;0.0010698217747273557;0.0040593469984217508;0.0011605942247345136;0.0064328170713405805;0.00023880155768036043;0.0097713268577558667;0.0024100962364239299;0.01499251929144969;0.0041441078810881974;0.02905070397991686;0.0027342862507921694;0.048422915923184276;0.010026847970098242;0.07018510058771521;0.016813380583143439;0.14398318206214564;0.014811309764044435;0.050258197672903952;0.0093681748902248712;0.030953918939782159;0.0031657935751130406;0.017578743241339213;0.00084697302855870423;0.013096975823894999;0.0011630609369649174;0.0090871982983454121;0.0022868446365440962;0.0068486970359213847;0.0022334272244639605;0.0043416609191362894;0.0012174542805857877
0.00020821516326073592;0.00027342001860017166;0.0008494217195752317;0.00093063056233706331;0.00066181754463807215;0.0012167141603293913;0.0010826991269490736;0.0014160108779450063;0.0025944604099364566;0.0028353718141223088;0.0033897809873452084;0.003979157673206544;0.0020485821803918258;0.015361283000031681;0.0064538681067313934;0.016597588427608251;0.012112768857473141;0.033736827144733694;0.0079022565287126516;0.0047324018729072385;0.0059537619013327551;0.0016601419460693199;0.0018089138295422961;0.0018376469978675944;0.0011304541864079218;0.0019267776503782558;0.0014359411125784525;0.00087266424219445871;0.00047266352568524583;0.0003818129205110543;0.00043597451165708768;0.00089703431371129566
0.0017559211821828627;0.0042759329207451699;0.0015091940413267649;0.0038623988642781464;0.0035506994139496754;0.0018232587726758189;0.0015247882992286505;0.0060507442247539761;0.0014073241720334786;0.0060938057522183162;0.011173860761963863;0.017241791579244665;0.028750148134252754;0.018995311260932173;0.021894465528435332;0.053036586354209672;0.021524909686157799;0.023126533147209014;0.020521698437746833;0.010770618272418604;0.010483872024995495;0.00898580707038844;0.0090776460168038899;0.0025240134541212097;0.0019344562454539727;0.0054534239693584388;0.0074010433800674571;0.0027508345130574517;0.0011601360105322749;0.0018929852698896436;0.0020817317620612534;0.0006891551319150557
0.0011552751354746026;0.00040491879795755045;0.00035291000970372156;0.0007322519037247237;0.00060788901434893038;0.0021525418258777937;0.003556466248945673;0.0033264877901305469;0.0097283231567196152;0.0034183024142024352;0.0051363482694711145;0.0044876050696961937;0.0048064237965822565;0.0085338908024779319;0.022639216168082031;0.0060408234445454151;0.13380862871006938;0.027132107301551602;0.0044808764131534264;0.0043489752443957108;0.0090569272051376857;0.0068678262109348525;0.0094607035461092767;0.0032435984377534701;0.00048595672226013062;0.001282633348612095;0.0012792236515941776;0.00385028782777467;0.00039239418895087086;0.001394224013320446;0.00060996942279750905;0.00043462264736717529
0.00028400061186432507;0.00039417590562875301;0.00064966185775432888;0.00091538338364322361;0.00060603579282240852;0.00055160018891017674;0.00086003066442808787;0.001322349399644752;0.001478104184031104;0.0019842506237225041;0.0032088957238326646;0.0057256120480116048;0.0043664755507803838;0.0024403693314117678;0.0059154238040407241;0.0067610803760016058;0.029742156923128833;0.0069385566655975166;0.0078966968215171251;0.0044536066355136909;0.0019055969913514108;0.0022528336116671519;0.0010547846368843543;0.0023823389294156854;0.00094946217995547347;0.00052451585477974246;0.0012300023028151727;0.00048497870090325818;0.00061543278128404187;0.00052062333322256738;0.00032075808963666228;0.00063227352539124747
0.00058563288586818284;0.0016598798510874448;0.00058640928491685116;0.0010591598430704115;0.0022013728732724878;0.0045155517467928945;0.0066235528093854428;0.0019032383388443855;0.0050783577775038577;0.0072182319572423829;0.013386018120328977;0.0065572406245857518;0.0059070211344280686;0.010236814051640205;0.010390399888351524;0.041002712382188909;0.087624884393714991;0.00894973979245621;0.029081324344072127;0.024868100639319886;0.0034858566911308412;0.0094572571415135285;0.0074587115803266503;0.00168934129908254;0.00074684226790026735;0.0039547369209555093;0.0034441714192187411;0.0026097488548907062;0.0017436033093859399;0.0018898922068625713;0.00077798685999544567;0.00054301990043277484
0.00069291367060901393;0.00043707713497566776;0.0005867536817465626;0.00068350702005518166;0.00065457000531044462;0.00066306185915942085;0.0032420347402390727;0.0011487065659507168;0.0019611897747776408;0.0030263940210005693;0.0090971995702755389;0.0049320038206848273;0.015352782036091077;0.0064512359466326391;0.033370253445041631;0.0054152833452898496;0.19035725576131562;0.0073642975845636489;0.016857780386522633;0.0065175940380840956;0.002244358260603214;0.0051636593311601081;0.0042641543497946013;0.0021866419888722788;0.00087835907690641255;0.0011457982752783003;0.0029457298742459653;0.00083389291804047191;0.001363772292689702;0.00043122305045865771;0.0011127244628592254;0.00014408031034869042
